{
  "accuracy": 0.8717948717948718,
  "f1_macro": 0.8704318936877076,
  "f1_biased": 0.8837209302325582,
  "precision_macro": 0.8695940347970175,
  "recall_macro": 0.8715642178910545
}