eval_loss,eval_accuracy,eval_f1_macro,eval_f1_biased,eval_precision_macro,eval_recall_macro,eval_runtime,eval_samples_per_second,eval_steps_per_second,epoch,fold
0.4937586188316345,0.8775894538606404,0.8764943945666838,0.8881239242685026,0.8753958065896449,0.8783640023001724,3.751,141.564,4.532,4.0,0
0.6519250273704529,0.8549905838041432,0.8539880367824302,0.8660869565217392,0.8529825908858166,0.8567783208740656,5.5852,95.073,3.044,4.0,1
0.39581498503685,0.8471698113207548,0.8448359989156953,0.8638655462184874,0.8457246376811594,0.8441038586368554,5.1382,103.15,3.309,4.0,2
0.5886126756668091,0.8528301886792453,0.8521480379393713,0.8621908127208481,0.85172890338942,0.8561125135232599,5.9872,88.522,2.839,4.0,3
0.39007386565208435,0.8566037735849057,0.8560791207534766,0.8647686832740213,0.8563881294144452,0.8613276738276738,5.3389,99.271,3.184,4.0,4
